id,image,title,link,weight
files_mega_menu_gallery1,images/molla/mega-menu-gallery/1.jpg,Some Title,http://www.google.com,1
files_mega_menu_gallery2,images/molla/mega-menu-gallery/2.jpg,Some Title,http://www.google.com,2
files_mega_menu_gallery3,images/molla/mega-menu-gallery/3.jpg,Some Title,http://www.google.com,3
files_mega_menu_gallery4,images/molla/mega-menu-gallery/4.jpg,Some Title,http://www.google.com,4
files_mega_menu_gallery5,images/molla/mega-menu-gallery/5.jpg,Some Title,http://www.google.com,5
files_mega_menu_gallery6,images/molla/mega-menu-gallery/6.jpg,Some Title,http://www.google.com,6
files_mega_menu_gallery7,images/molla/mega-menu-gallery/7.jpg,Some Title,http://www.google.com,7
files_mega_menu_gallery8,images/molla/mega-menu-gallery/8.jpg,Some Title,http://www.google.com,8
files_mega_menu_gallery9,images/molla/mega-menu-gallery/9.jpg,Some Title,http://www.google.com,9
files_mega_menu_gallery10,images/molla/mega-menu-gallery/10.jpg,Some Title,http://www.google.com,10
files_mega_menu_gallery11,images/molla/mega-menu-gallery/11.jpg,Some Title,http://www.google.com,11
files_mega_menu_gallery12,images/molla/mega-menu-gallery/12.jpg,Some Title,http://www.google.com,12
files_mega_menu_gallery13,images/molla/mega-menu-gallery/13.jpg,Some Title,http://www.google.com,13
files_mega_menu_gallery14,images/molla/mega-menu-gallery/14.jpg,Some Title,http://www.google.com,14
files_mega_menu_gallery15,images/molla/mega-menu-gallery/15.jpg,Some Title,http://www.google.com,15
files_mega_menu_gallery16,images/molla/mega-menu-gallery/16.jpg,Some Title,http://www.google.com,16
files_mega_menu_gallery17,images/molla/mega-menu-gallery/17.jpg,Some Title,http://www.google.com,17
files_mega_menu_gallery18,images/molla/mega-menu-gallery/18.jpg,Some Title,http://www.google.com,18
files_mega_menu_gallery19,images/molla/mega-menu-gallery/19.jpg,Some Title,http://www.google.com,19
files_mega_menu_gallery20,images/molla/mega-menu-gallery/20.jpg,Some Title,http://www.google.com,20
files_mega_menu_gallery21,images/molla/mega-menu-gallery/21.jpg,Some Title,http://www.google.com,21
files_mega_menu_gallery22,images/molla/mega-menu-gallery/22.jpg,Some Title,http://www.google.com,22
files_mega_menu_gallery23,images/molla/mega-menu-gallery/23.jpg,Some Title,http://www.google.com,23
files_mega_menu_gallery24,images/molla/mega-menu-gallery/24.jpg,Some Title,http://www.google.com,24
files_mega_menu_gallery25,images/molla/mega-menu-gallery/25.jpg,Some Title,http://www.google.com,25
files_mega_menu_gallery26,images/molla/mega-menu-gallery/26.jpg,Some Title,http://www.google.com,26
files_mega_menu_gallery27,images/molla/mega-menu-gallery/27.jpg,Some Title,http://www.google.com,27
files_mega_menu_gallery28,images/molla/mega-menu-gallery/28.jpg,Some Title,http://www.google.com,28
files_mega_menu_gallery29,images/molla/mega-menu-gallery/29.jpg,Some Title,http://www.google.com,29
files_mega_menu_gallery30,images/molla/mega-menu-gallery/30.jpg,Some Title,http://www.google.com,30
files_mega_menu_gallery31,images/molla/mega-menu-gallery/31.jpg,Some Title,http://www.google.com,31
files_mega_menu_gallery32,images/molla/mega-menu-gallery/32.jpg,Some Title,http://www.google.com,32
files_mega_menu_gallery33,images/molla/mega-menu-gallery/33.jpg,Some Title,http://www.google.com,33
files_mega_menu_gallery34,images/molla/mega-menu-gallery/34.jpg,Some Title,http://www.google.com,34
